link_o[0],2.816
ruche_link_o[280],2.944
link_o[1],3.328
ruche_link_o[281],3.456
link_o[2],3.84
ruche_link_o[282],3.968
link_o[3],4.864
ruche_link_o[283],4.992
link_o[4],5.376
ruche_link_o[284],5.504
link_o[5],5.888
ruche_link_o[285],6.016
link_o[6],6.4
ruche_link_o[286],6.528
link_o[7],6.912
ruche_link_o[287],7.552
link_o[8],7.936
ruche_link_o[288],8.064
link_o[9],8.448
ruche_link_o[289],8.576
link_o[10],8.96
ruche_link_o[290],9.088
link_o[11],9.472
ruche_link_o[291],9.6
link_o[12],10.496
ruche_link_o[292],10.624
link_o[13],11.008
ruche_link_o[293],11.136
link_o[14],11.52
ruche_link_o[294],11.648
link_o[15],12.032
ruche_link_o[295],12.16
link_o[16],12.544
ruche_link_o[296],12.672
link_o[17],13.568
ruche_link_o[297],13.696
link_o[18],14.08
ruche_link_o[298],14.208
link_o[19],14.592
ruche_link_o[299],14.72
link_o[20],15.104
ruche_link_o[300],15.232
link_o[21],16.128
ruche_link_o[301],16.256
link_o[22],16.64
ruche_link_o[302],16.768
link_o[23],17.152
ruche_link_o[303],17.28
link_o[24],17.664
ruche_link_o[304],17.792
link_o[25],18.176
ruche_link_o[305],18.304
link_o[26],19.2
ruche_link_o[306],19.328
link_o[27],19.712
ruche_link_o[307],19.84
link_o[28],20.224
ruche_link_o[308],20.352
link_o[29],20.736
ruche_link_o[309],20.864
link_o[30],21.248
ruche_link_o[310],21.888
link_o[31],22.272
ruche_link_o[311],22.4
link_o[32],22.784
ruche_link_o[312],22.912
link_o[33],23.296
ruche_link_o[313],23.424
link_o[34],23.808
ruche_link_o[314],23.936
link_o[35],24.832
ruche_link_o[315],24.96
link_o[36],25.344
ruche_link_o[316],25.472
link_o[37],25.856
ruche_link_o[317],25.984
link_o[38],26.368
ruche_link_o[318],26.496
link_o[39],26.88
ruche_link_o[319],27.008
link_o[40],27.904
ruche_link_o[320],28.032
link_o[41],28.416
ruche_link_o[321],28.544
link_o[42],28.928
ruche_link_o[322],29.056
link_o[43],29.44
ruche_link_o[323],29.568
link_o[44],29.952
ruche_link_o[324],30.592
link_o[45],30.976
ruche_link_o[325],31.104
link_o[46],31.488
ruche_link_o[326],31.616
link_o[47],32.0
ruche_link_o[327],32.128
link_o[48],32.512
ruche_link_o[328],32.64
link_o[49],33.536
ruche_link_o[329],33.664
link_o[50],34.048
ruche_link_o[330],34.176
link_o[51],34.56
ruche_link_o[331],34.688
link_o[52],35.072
ruche_link_o[332],35.2
link_o[53],35.584
ruche_link_o[333],35.712
link_o[54],36.608
ruche_link_o[334],36.736
link_o[55],37.12
ruche_link_o[335],37.248
link_o[56],37.632
ruche_link_o[336],37.76
link_o[57],38.144
ruche_link_o[337],38.272
link_o[58],39.168
ruche_link_o[338],39.296
link_o[59],39.68
ruche_link_o[339],39.808
link_o[60],40.192
ruche_link_o[340],40.32
link_o[61],40.704
ruche_link_o[341],40.832
link_o[62],41.216
ruche_link_o[342],41.344
link_o[63],42.24
ruche_link_o[343],42.368
link_o[64],42.752
ruche_link_o[344],42.88
link_o[65],43.264
ruche_link_o[345],43.392
link_o[66],43.776
ruche_link_o[346],43.904
link_o[67],44.288
ruche_link_o[347],44.928
link_o[68],45.312
ruche_link_o[348],45.44
link_o[69],45.824
ruche_link_o[349],45.952
link_o[70],46.336
ruche_link_o[350],46.464
link_o[71],46.848
ruche_link_o[351],46.976
link_o[72],47.872
ruche_link_o[352],48.0
link_o[73],48.384
ruche_link_o[353],48.512
link_o[74],48.896
ruche_link_o[354],49.024
link_o[75],49.408
ruche_link_o[355],49.536
link_o[76],49.92
ruche_link_o[356],50.048
link_o[77],50.944
ruche_link_o[357],51.072
link_o[78],51.456
ruche_link_o[358],51.584
link_o[79],51.968
ruche_link_o[359],52.096
link_o[80],52.48
ruche_link_o[360],52.608
link_o[81],52.992
ruche_link_o[361],53.632
link_o[82],54.016
ruche_link_o[362],54.144
link_o[83],54.528
ruche_link_o[363],54.656
link_o[84],55.04
ruche_link_o[364],55.168
link_o[85],55.552
ruche_link_o[365],55.68
link_o[86],56.576
ruche_link_o[366],56.704
link_o[87],57.088
ruche_link_o[367],57.216
link_o[88],57.6
ruche_link_o[368],57.728
link_o[89],58.112
ruche_link_o[369],58.24
link_o[90],58.624
ruche_link_o[370],58.752
link_o[91],59.648
ruche_link_o[371],59.776
link_o[92],60.16
ruche_link_o[372],60.288
link_o[93],60.672
ruche_link_o[373],60.8
link_o[94],61.184
ruche_link_o[374],61.312
link_o[95],62.208
ruche_link_o[375],62.336
link_o[96],62.72
ruche_link_o[376],62.848
link_o[97],63.232
ruche_link_o[377],63.36
link_o[98],63.744
ruche_link_o[378],63.872
link_o[99],64.256
ruche_link_o[379],64.384
link_o[100],65.28
ruche_link_o[380],65.408
link_o[101],65.792
ruche_link_o[381],65.92
link_o[102],66.304
ruche_link_o[382],66.432
link_o[103],66.816
ruche_link_o[383],66.944
link_o[104],67.328
ruche_link_o[384],67.968
link_o[105],68.352
ruche_link_o[385],68.48
link_o[106],68.864
ruche_link_o[386],68.992
link_o[107],69.376
ruche_link_o[387],69.504
link_o[108],69.888
ruche_link_o[388],70.016
link_o[109],70.912
ruche_link_o[389],71.04
link_o[110],71.424
ruche_link_o[390],71.552
link_o[111],71.936
ruche_link_o[391],72.064
link_o[112],72.448
ruche_link_o[392],72.576
link_o[113],72.96
ruche_link_o[393],73.088
link_o[114],73.984
ruche_link_o[394],74.112
link_o[115],74.496
ruche_link_o[395],74.624
link_o[116],75.008
ruche_link_o[396],75.136
link_o[117],75.52
ruche_link_o[397],75.648
link_o[118],76.032
ruche_link_o[398],76.672
link_o[119],77.056
ruche_link_o[399],77.184
link_o[120],77.568
ruche_link_o[400],77.696
link_o[121],78.08
ruche_link_o[401],78.208
link_o[122],78.592
ruche_link_o[402],78.72
link_o[123],79.616
ruche_link_o[403],79.744
link_o[124],80.128
ruche_link_o[404],80.256
link_o[125],80.64
ruche_link_o[405],80.768
link_o[126],81.152
ruche_link_o[406],81.28
link_o[127],81.664
ruche_link_o[407],81.792
link_o[128],82.688
ruche_link_o[408],82.816
link_o[129],83.2
ruche_link_o[409],83.328
link_o[130],83.712
ruche_link_o[410],83.84
link_o[131],84.224
ruche_link_o[411],84.352
link_o[132],85.248
ruche_link_o[412],85.376
link_o[133],85.76
ruche_link_o[413],85.888
link_o[134],86.272
ruche_link_o[414],86.4
link_o[135],86.784
ruche_link_o[415],86.912
link_o[136],87.296
ruche_link_o[416],87.424
link_o[137],88.32
ruche_link_o[417],88.448
link_o[138],88.832
ruche_link_o[418],88.96
link_o[139],89.344
ruche_link_o[419],89.472
link_o[140],89.856
link_o[141],89.984
link_o[142],90.112
link_o[143],90.24
link_o[144],90.368
link_o[145],91.008
link_o[146],91.136
link_o[147],91.264
link_o[148],91.392
link_o[149],91.52
link_o[150],91.648
link_o[151],91.776
link_o[152],91.904
link_o[153],92.032
link_i[0],95.616
ruche_link_i[280],95.744
link_i[1],96.128
ruche_link_i[281],96.768
link_i[2],97.152
ruche_link_i[282],97.28
link_i[3],97.664
ruche_link_i[283],97.792
link_i[4],98.176
ruche_link_i[284],98.304
link_i[5],98.688
ruche_link_i[285],98.816
link_i[6],99.712
ruche_link_i[286],99.84
link_i[7],100.224
ruche_link_i[287],100.352
link_i[8],100.736
ruche_link_i[288],100.864
link_i[9],101.248
ruche_link_i[289],101.376
link_i[10],101.76
ruche_link_i[290],101.888
link_i[11],102.784
ruche_link_i[291],102.912
link_i[12],103.296
ruche_link_i[292],103.424
link_i[13],103.808
ruche_link_i[293],103.936
link_i[14],104.32
ruche_link_i[294],104.448
link_i[15],104.832
ruche_link_i[295],105.472
link_i[16],105.856
ruche_link_i[296],105.984
link_i[17],106.368
ruche_link_i[297],106.496
link_i[18],106.88
ruche_link_i[298],107.008
link_i[19],107.392
ruche_link_i[299],107.52
link_i[20],108.416
ruche_link_i[300],108.544
link_i[21],108.928
ruche_link_i[301],109.056
link_i[22],109.44
ruche_link_i[302],109.568
link_i[23],109.952
ruche_link_i[303],110.08
link_i[24],110.464
ruche_link_i[304],110.592
link_i[25],111.488
ruche_link_i[305],111.616
link_i[26],112.0
ruche_link_i[306],112.128
link_i[27],112.512
ruche_link_i[307],112.64
link_i[28],113.024
ruche_link_i[308],113.152
link_i[29],114.048
ruche_link_i[309],114.176
link_i[30],114.56
ruche_link_i[310],114.688
link_i[31],115.072
ruche_link_i[311],115.2
link_i[32],115.584
ruche_link_i[312],115.712
link_i[33],116.096
ruche_link_i[313],116.224
link_i[34],117.12
ruche_link_i[314],117.248
link_i[35],117.632
ruche_link_i[315],117.76
link_i[36],118.144
ruche_link_i[316],118.272
link_i[37],118.656
ruche_link_i[317],118.784
link_i[38],119.168
ruche_link_i[318],119.808
link_i[39],120.192
ruche_link_i[319],120.32
link_i[40],120.704
ruche_link_i[320],120.832
link_i[41],121.216
ruche_link_i[321],121.344
link_i[42],121.728
ruche_link_i[322],121.856
link_i[43],122.752
ruche_link_i[323],122.88
link_i[44],123.264
ruche_link_i[324],123.392
link_i[45],123.776
ruche_link_i[325],123.904
link_i[46],124.288
ruche_link_i[326],124.416
link_i[47],124.8
ruche_link_i[327],124.928
link_i[48],125.824
ruche_link_i[328],125.952
link_i[49],126.336
ruche_link_i[329],126.464
link_i[50],126.848
ruche_link_i[330],126.976
link_i[51],127.36
ruche_link_i[331],127.488
link_i[52],127.872
ruche_link_i[332],128.512
link_i[53],128.896
ruche_link_i[333],129.024
link_i[54],129.408
ruche_link_i[334],129.536
link_i[55],129.92
ruche_link_i[335],130.048
link_i[56],130.432
ruche_link_i[336],130.56
link_i[57],131.456
ruche_link_i[337],131.584
link_i[58],131.968
ruche_link_i[338],132.096
link_i[59],132.48
ruche_link_i[339],132.608
link_i[60],132.992
ruche_link_i[340],133.12
link_i[61],133.504
ruche_link_i[341],133.632
link_i[62],134.528
ruche_link_i[342],134.656
link_i[63],135.04
ruche_link_i[343],135.168
link_i[64],135.552
ruche_link_i[344],135.68
link_i[65],136.064
ruche_link_i[345],136.192
link_i[66],137.088
ruche_link_i[346],137.216
link_i[67],137.6
ruche_link_i[347],137.728
link_i[68],138.112
ruche_link_i[348],138.24
link_i[69],138.624
ruche_link_i[349],138.752
link_i[70],139.136
ruche_link_i[350],139.264
link_i[71],140.16
ruche_link_i[351],140.288
link_i[72],140.672
ruche_link_i[352],140.8
link_i[73],141.184
ruche_link_i[353],141.312
link_i[74],141.696
ruche_link_i[354],141.824
link_i[75],142.208
ruche_link_i[355],142.848
link_i[76],143.232
ruche_link_i[356],143.36
link_i[77],143.744
ruche_link_i[357],143.872
link_i[78],144.256
ruche_link_i[358],144.384
link_i[79],144.768
ruche_link_i[359],144.896
link_i[80],145.792
ruche_link_i[360],145.92
link_i[81],146.304
ruche_link_i[361],146.432
link_i[82],146.816
ruche_link_i[362],146.944
link_i[83],147.328
ruche_link_i[363],147.456
link_i[84],147.84
ruche_link_i[364],147.968
link_i[85],148.864
ruche_link_i[365],148.992
link_i[86],149.376
ruche_link_i[366],149.504
link_i[87],149.888
ruche_link_i[367],150.016
link_i[88],150.4
ruche_link_i[368],150.528
link_i[89],150.912
ruche_link_i[369],151.552
link_i[90],151.936
ruche_link_i[370],152.064
link_i[91],152.448
ruche_link_i[371],152.576
link_i[92],152.96
ruche_link_i[372],153.088
link_i[93],153.472
ruche_link_i[373],153.6
link_i[94],154.496
ruche_link_i[374],154.624
link_i[95],155.008
ruche_link_i[375],155.136
link_i[96],155.52
ruche_link_i[376],155.648
link_i[97],156.032
ruche_link_i[377],156.16
link_i[98],156.544
ruche_link_i[378],156.672
link_i[99],157.568
ruche_link_i[379],157.696
link_i[100],158.08
ruche_link_i[380],158.208
link_i[101],158.592
ruche_link_i[381],158.72
link_i[102],159.104
ruche_link_i[382],159.232
link_i[103],160.128
ruche_link_i[383],160.256
link_i[104],160.64
ruche_link_i[384],160.768
link_i[105],161.152
ruche_link_i[385],161.28
link_i[106],161.664
ruche_link_i[386],161.792
link_i[107],162.176
ruche_link_i[387],162.304
link_i[108],163.2
ruche_link_i[388],163.328
link_i[109],163.712
ruche_link_i[389],163.84
link_i[110],164.224
ruche_link_i[390],164.352
link_i[111],164.736
ruche_link_i[391],164.864
link_i[112],165.248
ruche_link_i[392],165.888
link_i[113],166.272
ruche_link_i[393],166.4
link_i[114],166.784
ruche_link_i[394],166.912
link_i[115],167.296
ruche_link_i[395],167.424
link_i[116],167.808
ruche_link_i[396],167.936
link_i[117],168.832
ruche_link_i[397],168.96
link_i[118],169.344
ruche_link_i[398],169.472
link_i[119],169.856
ruche_link_i[399],169.984
link_i[120],170.368
ruche_link_i[400],170.496
link_i[121],170.88
ruche_link_i[401],171.008
link_i[122],171.904
ruche_link_i[402],172.032
link_i[123],172.416
ruche_link_i[403],172.544
link_i[124],172.928
ruche_link_i[404],173.056
link_i[125],173.44
ruche_link_i[405],173.568
link_i[126],173.952
ruche_link_i[406],174.592
link_i[127],174.976
ruche_link_i[407],175.104
link_i[128],175.488
ruche_link_i[408],175.616
link_i[129],176.0
ruche_link_i[409],176.128
link_i[130],176.512
ruche_link_i[410],176.64
link_i[131],177.536
ruche_link_i[411],177.664
link_i[132],178.048
ruche_link_i[412],178.176
link_i[133],178.56
ruche_link_i[413],178.688
link_i[134],179.072
ruche_link_i[414],179.2
link_i[135],179.584
ruche_link_i[415],179.712
link_i[136],180.608
ruche_link_i[416],180.736
link_i[137],181.12
ruche_link_i[417],181.248
link_i[138],181.632
ruche_link_i[418],181.76
link_i[139],182.144
ruche_link_i[419],182.272
link_i[140],183.168
link_i[141],183.296
link_i[142],183.424
link_i[143],183.552
link_i[144],183.68
link_i[145],183.808
link_i[146],183.936
link_i[147],184.064
link_i[148],184.192
link_i[149],184.32
link_i[150],184.448
link_i[151],184.576
link_i[152],184.704
link_i[153],184.832
