io_fwd_link_clk_o,89.472
io_fwd_link_data_o[96],91.776
io_fwd_link_data_o[95],91.648
io_fwd_link_data_o[94],91.52
io_fwd_link_data_o[93],91.392
io_fwd_link_data_o[92],91.264
io_fwd_link_data_o[91],91.136
io_fwd_link_data_o[90],91.008
io_fwd_link_data_o[89],90.368
io_fwd_link_data_o[88],90.24
io_fwd_link_data_o[87],90.112
io_fwd_link_data_o[86],89.984
io_fwd_link_data_o[85],89.856
io_fwd_link_data_o[84],89.344
io_fwd_link_data_o[83],88.832
io_fwd_link_data_o[82],88.32
io_fwd_link_data_o[81],87.296
io_fwd_link_data_o[80],86.784
io_fwd_link_data_o[79],86.272
io_fwd_link_data_o[78],85.76
io_fwd_link_data_o[77],85.248
io_fwd_link_data_o[76],84.224
io_fwd_link_data_o[75],83.712
io_fwd_link_data_o[74],83.2
io_fwd_link_data_o[73],82.688
io_fwd_link_data_o[72],81.664
io_fwd_link_data_o[71],81.152
io_fwd_link_data_o[70],80.64
io_fwd_link_data_o[69],80.128
io_fwd_link_data_o[68],79.616
io_fwd_link_data_o[67],78.592
io_fwd_link_data_o[66],78.08
io_fwd_link_data_o[65],77.568
io_fwd_link_data_o[64],77.056
io_fwd_link_data_o[63],76.032
io_fwd_link_data_o[62],75.52
io_fwd_link_data_o[61],75.008
io_fwd_link_data_o[60],74.496
io_fwd_link_data_o[59],73.984
io_fwd_link_data_o[58],72.96
io_fwd_link_data_o[57],72.448
io_fwd_link_data_o[56],71.936
io_fwd_link_data_o[55],71.424
io_fwd_link_data_o[54],70.912
io_fwd_link_data_o[53],69.888
io_fwd_link_data_o[52],69.376
io_fwd_link_data_o[51],68.864
io_fwd_link_data_o[50],68.352
io_fwd_link_data_o[49],67.328
io_fwd_link_data_o[48],66.816
io_fwd_link_data_o[47],66.304
io_fwd_link_data_o[46],65.792
io_fwd_link_data_o[45],65.28
io_fwd_link_data_o[44],64.256
io_fwd_link_data_o[43],63.744
io_fwd_link_data_o[42],63.232
io_fwd_link_data_o[41],62.72
io_fwd_link_data_o[40],62.208
io_fwd_link_data_o[39],61.184
io_fwd_link_data_o[38],60.672
io_fwd_link_data_o[37],60.16
io_fwd_link_data_o[36],59.648
io_fwd_link_data_o[35],58.624
io_fwd_link_data_o[34],58.112
io_fwd_link_data_o[33],57.6
io_fwd_link_data_o[32],57.088
io_fwd_link_data_o[31],56.576
io_fwd_link_data_o[30],55.552
io_fwd_link_data_o[29],55.04
io_fwd_link_data_o[28],54.528
io_fwd_link_data_o[27],54.016
io_fwd_link_data_o[26],52.992
io_fwd_link_data_o[25],52.48
io_fwd_link_data_o[24],51.968
io_fwd_link_data_o[23],51.456
io_fwd_link_data_o[22],50.944
io_fwd_link_data_o[21],49.92
io_fwd_link_data_o[20],49.408
io_fwd_link_data_o[19],48.896
io_fwd_link_data_o[18],48.384
io_fwd_link_data_o[17],47.872
io_fwd_link_data_o[16],46.848
io_fwd_link_data_o[15],46.336
io_fwd_link_data_o[14],45.824
io_fwd_link_data_o[13],45.312
io_fwd_link_data_o[12],44.288
io_fwd_link_data_o[11],43.776
io_fwd_link_data_o[10],43.264
io_fwd_link_data_o[9],42.752
io_fwd_link_data_o[8],42.24
io_fwd_link_data_o[7],41.216
io_fwd_link_data_o[6],40.704
io_fwd_link_data_o[5],40.192
io_fwd_link_data_o[4],39.68
io_fwd_link_data_o[3],39.168
io_fwd_link_data_o[2],38.144
io_fwd_link_data_o[1],37.632
io_fwd_link_data_o[0],37.12
io_fwd_link_v_o,92.032
io_fwd_link_token_i,91.904
io_fwd_link_clk_i,182.272
io_fwd_link_data_i[96],184.576
io_fwd_link_data_i[95],184.448
io_fwd_link_data_i[94],184.32
io_fwd_link_data_i[93],184.192
io_fwd_link_data_i[92],184.064
io_fwd_link_data_i[91],183.936
io_fwd_link_data_i[90],183.808
io_fwd_link_data_i[89],183.68
io_fwd_link_data_i[88],183.552
io_fwd_link_data_i[87],183.424
io_fwd_link_data_i[86],183.296
io_fwd_link_data_i[85],183.168
io_fwd_link_data_i[84],182.144
io_fwd_link_data_i[83],181.632
io_fwd_link_data_i[82],181.12
io_fwd_link_data_i[81],180.608
io_fwd_link_data_i[80],179.584
io_fwd_link_data_i[79],179.072
io_fwd_link_data_i[78],178.56
io_fwd_link_data_i[77],178.048
io_fwd_link_data_i[76],177.536
io_fwd_link_data_i[75],176.512
io_fwd_link_data_i[74],176.0
io_fwd_link_data_i[73],175.488
io_fwd_link_data_i[72],174.976
io_fwd_link_data_i[71],173.952
io_fwd_link_data_i[70],173.44
io_fwd_link_data_i[69],172.928
io_fwd_link_data_i[68],172.416
io_fwd_link_data_i[67],171.904
io_fwd_link_data_i[66],170.88
io_fwd_link_data_i[65],170.368
io_fwd_link_data_i[64],169.856
io_fwd_link_data_i[63],169.344
io_fwd_link_data_i[62],168.832
io_fwd_link_data_i[61],167.808
io_fwd_link_data_i[60],167.296
io_fwd_link_data_i[59],166.784
io_fwd_link_data_i[58],166.272
io_fwd_link_data_i[57],165.248
io_fwd_link_data_i[56],164.736
io_fwd_link_data_i[55],164.224
io_fwd_link_data_i[54],163.712
io_fwd_link_data_i[53],163.2
io_fwd_link_data_i[52],162.176
io_fwd_link_data_i[51],161.664
io_fwd_link_data_i[50],161.152
io_fwd_link_data_i[49],160.64
io_fwd_link_data_i[48],160.128
io_fwd_link_data_i[47],159.104
io_fwd_link_data_i[46],158.592
io_fwd_link_data_i[45],158.08
io_fwd_link_data_i[44],157.568
io_fwd_link_data_i[43],156.544
io_fwd_link_data_i[42],156.032
io_fwd_link_data_i[41],155.52
io_fwd_link_data_i[40],155.008
io_fwd_link_data_i[39],154.496
io_fwd_link_data_i[38],153.472
io_fwd_link_data_i[37],152.96
io_fwd_link_data_i[36],152.448
io_fwd_link_data_i[35],151.936
io_fwd_link_data_i[34],150.912
io_fwd_link_data_i[33],150.4
io_fwd_link_data_i[32],149.888
io_fwd_link_data_i[31],149.376
io_fwd_link_data_i[30],148.864
io_fwd_link_data_i[29],147.84
io_fwd_link_data_i[28],147.328
io_fwd_link_data_i[27],146.816
io_fwd_link_data_i[26],146.304
io_fwd_link_data_i[25],145.792
io_fwd_link_data_i[24],144.768
io_fwd_link_data_i[23],144.256
io_fwd_link_data_i[22],143.744
io_fwd_link_data_i[21],143.232
io_fwd_link_data_i[20],142.208
io_fwd_link_data_i[19],141.696
io_fwd_link_data_i[18],141.184
io_fwd_link_data_i[17],140.672
io_fwd_link_data_i[16],140.16
io_fwd_link_data_i[15],139.136
io_fwd_link_data_i[14],138.624
io_fwd_link_data_i[13],138.112
io_fwd_link_data_i[12],137.6
io_fwd_link_data_i[11],137.088
io_fwd_link_data_i[10],136.064
io_fwd_link_data_i[9],135.552
io_fwd_link_data_i[8],135.04
io_fwd_link_data_i[7],134.528
io_fwd_link_data_i[6],133.504
io_fwd_link_data_i[5],132.992
io_fwd_link_data_i[4],132.48
io_fwd_link_data_i[3],131.968
io_fwd_link_data_i[2],131.456
io_fwd_link_data_i[1],130.432
io_fwd_link_data_i[0],129.92
io_fwd_link_v_i,184.832
io_fwd_link_token_o,184.704
io_rev_link_clk_o,32.128
io_rev_link_data_o[52],35.072
io_rev_link_data_o[51],34.56
io_rev_link_data_o[50],34.048
io_rev_link_data_o[49],33.536
io_rev_link_data_o[48],32.512
io_rev_link_data_o[47],32.0
io_rev_link_data_o[46],31.488
io_rev_link_data_o[45],30.976
io_rev_link_data_o[44],29.952
io_rev_link_data_o[43],29.44
io_rev_link_data_o[42],28.928
io_rev_link_data_o[41],28.416
io_rev_link_data_o[40],27.904
io_rev_link_data_o[39],26.88
io_rev_link_data_o[38],26.368
io_rev_link_data_o[37],25.856
io_rev_link_data_o[36],25.344
io_rev_link_data_o[35],24.832
io_rev_link_data_o[34],23.808
io_rev_link_data_o[33],23.296
io_rev_link_data_o[32],22.784
io_rev_link_data_o[31],22.272
io_rev_link_data_o[30],21.248
io_rev_link_data_o[29],20.736
io_rev_link_data_o[28],20.224
io_rev_link_data_o[27],19.712
io_rev_link_data_o[26],19.2
io_rev_link_data_o[25],18.176
io_rev_link_data_o[24],17.664
io_rev_link_data_o[23],17.152
io_rev_link_data_o[22],16.64
io_rev_link_data_o[21],16.128
io_rev_link_data_o[20],15.104
io_rev_link_data_o[19],14.592
io_rev_link_data_o[18],14.08
io_rev_link_data_o[17],13.568
io_rev_link_data_o[16],12.544
io_rev_link_data_o[15],12.032
io_rev_link_data_o[14],11.52
io_rev_link_data_o[13],11.008
io_rev_link_data_o[12],10.496
io_rev_link_data_o[11],9.472
io_rev_link_data_o[10],8.96
io_rev_link_data_o[9],8.448
io_rev_link_data_o[8],7.936
io_rev_link_data_o[7],6.912
io_rev_link_data_o[6],6.4
io_rev_link_data_o[5],5.888
io_rev_link_data_o[4],5.376
io_rev_link_data_o[3],4.864
io_rev_link_data_o[2],3.84
io_rev_link_data_o[1],3.328
io_rev_link_data_o[0],2.816
io_rev_link_v_o,36.608
io_rev_link_token_i,35.584
io_rev_link_clk_i,124.928
io_rev_link_data_i[52],127.872
io_rev_link_data_i[51],127.36
io_rev_link_data_i[50],126.848
io_rev_link_data_i[49],126.336
io_rev_link_data_i[48],125.824
io_rev_link_data_i[47],124.8
io_rev_link_data_i[46],124.288
io_rev_link_data_i[45],123.776
io_rev_link_data_i[44],123.264
io_rev_link_data_i[43],122.752
io_rev_link_data_i[42],121.728
io_rev_link_data_i[41],121.216
io_rev_link_data_i[40],120.704
io_rev_link_data_i[39],120.192
io_rev_link_data_i[38],119.168
io_rev_link_data_i[37],118.656
io_rev_link_data_i[36],118.144
io_rev_link_data_i[35],117.632
io_rev_link_data_i[34],117.12
io_rev_link_data_i[33],116.096
io_rev_link_data_i[32],115.584
io_rev_link_data_i[31],115.072
io_rev_link_data_i[30],114.56
io_rev_link_data_i[29],114.048
io_rev_link_data_i[28],113.024
io_rev_link_data_i[27],112.512
io_rev_link_data_i[26],112.0
io_rev_link_data_i[25],111.488
io_rev_link_data_i[24],110.464
io_rev_link_data_i[23],109.952
io_rev_link_data_i[22],109.44
io_rev_link_data_i[21],108.928
io_rev_link_data_i[20],108.416
io_rev_link_data_i[19],107.392
io_rev_link_data_i[18],106.88
io_rev_link_data_i[17],106.368
io_rev_link_data_i[16],105.856
io_rev_link_data_i[15],104.832
io_rev_link_data_i[14],104.32
io_rev_link_data_i[13],103.808
io_rev_link_data_i[12],103.296
io_rev_link_data_i[11],102.784
io_rev_link_data_i[10],101.76
io_rev_link_data_i[9],101.248
io_rev_link_data_i[8],100.736
io_rev_link_data_i[7],100.224
io_rev_link_data_i[6],99.712
io_rev_link_data_i[5],98.688
io_rev_link_data_i[4],98.176
io_rev_link_data_i[3],97.664
io_rev_link_data_i[2],97.152
io_rev_link_data_i[1],96.128
io_rev_link_data_i[0],95.616
io_rev_link_v_i,129.408
io_rev_link_token_o,128.896
