mc_hor_links_i[0],2.816
mc_hor_links_i[1],3.328
mc_hor_links_i[2],3.84
mc_hor_links_i[3],4.864
mc_hor_links_i[4],5.376
mc_hor_links_i[5],5.888
mc_hor_links_i[6],6.4
mc_hor_links_i[7],6.912
mc_hor_links_i[8],7.936
mc_hor_links_i[9],8.448
mc_hor_links_i[10],8.96
mc_hor_links_i[11],9.472
mc_hor_links_i[12],10.496
mc_hor_links_i[13],11.008
mc_hor_links_i[14],11.52
mc_hor_links_i[15],12.032
mc_hor_links_i[16],12.544
mc_hor_links_i[17],13.568
mc_hor_links_i[18],14.08
mc_hor_links_i[19],14.592
mc_hor_links_i[20],15.104
mc_hor_links_i[21],16.128
mc_hor_links_i[22],16.64
mc_hor_links_i[23],17.152
mc_hor_links_i[24],17.664
mc_hor_links_i[25],18.176
mc_hor_links_i[26],19.2
mc_hor_links_i[27],19.712
mc_hor_links_i[28],20.224
mc_hor_links_i[29],20.736
mc_hor_links_i[30],21.248
mc_hor_links_i[31],22.272
mc_hor_links_i[32],22.784
mc_hor_links_i[33],23.296
mc_hor_links_i[34],23.808
mc_hor_links_i[35],24.832
mc_hor_links_i[36],25.344
mc_hor_links_i[37],25.856
mc_hor_links_i[38],26.368
mc_hor_links_i[39],26.88
mc_hor_links_i[40],27.904
mc_hor_links_i[41],28.416
mc_hor_links_i[42],28.928
mc_hor_links_i[43],29.44
mc_hor_links_i[44],29.952
mc_hor_links_i[45],30.976
mc_hor_links_i[46],31.488
mc_hor_links_i[47],32.0
mc_hor_links_i[48],32.512
mc_hor_links_i[49],33.536
mc_hor_links_i[50],34.048
mc_hor_links_i[51],34.56
mc_hor_links_i[52],35.072
mc_hor_links_i[53],35.584
mc_hor_links_i[54],36.608
mc_hor_links_i[55],37.12
mc_hor_links_i[56],37.632
mc_hor_links_i[57],38.144
mc_hor_links_i[58],39.168
mc_hor_links_i[59],39.68
mc_hor_links_i[60],40.192
mc_hor_links_i[61],40.704
mc_hor_links_i[62],41.216
mc_hor_links_i[63],42.24
mc_hor_links_i[64],42.752
mc_hor_links_i[65],43.264
mc_hor_links_i[66],43.776
mc_hor_links_i[67],44.288
mc_hor_links_i[68],45.312
mc_hor_links_i[69],45.824
mc_hor_links_i[70],46.336
mc_hor_links_i[71],46.848
mc_hor_links_i[72],47.872
mc_hor_links_i[73],48.384
mc_hor_links_i[74],48.896
mc_hor_links_i[75],49.408
mc_hor_links_i[76],49.92
mc_hor_links_i[77],50.944
mc_hor_links_i[78],51.456
mc_hor_links_i[79],51.968
mc_hor_links_i[80],52.48
mc_hor_links_i[81],52.992
mc_hor_links_i[82],54.016
mc_hor_links_i[83],54.528
mc_hor_links_i[84],55.04
mc_hor_links_i[85],55.552
mc_hor_links_i[86],56.576
mc_hor_links_i[87],57.088
mc_hor_links_i[88],57.6
mc_hor_links_i[89],58.112
mc_hor_links_i[90],58.624
mc_hor_links_i[91],59.648
mc_hor_links_i[92],60.16
mc_hor_links_i[93],60.672
mc_hor_links_i[94],61.184
mc_hor_links_i[95],62.208
mc_hor_links_i[96],62.72
mc_hor_links_i[97],63.232
mc_hor_links_i[98],63.744
mc_hor_links_i[99],64.256
mc_hor_links_i[100],65.28
mc_hor_links_i[101],65.792
mc_hor_links_i[102],66.304
mc_hor_links_i[103],66.816
mc_hor_links_i[104],67.328
mc_hor_links_i[105],68.352
mc_hor_links_i[106],68.864
mc_hor_links_i[107],69.376
mc_hor_links_i[108],69.888
mc_hor_links_i[109],70.912
mc_hor_links_i[110],71.424
mc_hor_links_i[111],71.936
mc_hor_links_i[112],72.448
mc_hor_links_i[113],72.96
mc_hor_links_i[114],73.984
mc_hor_links_i[115],74.496
mc_hor_links_i[116],75.008
mc_hor_links_i[117],75.52
mc_hor_links_i[118],76.032
mc_hor_links_i[119],77.056
mc_hor_links_i[120],77.568
mc_hor_links_i[121],78.08
mc_hor_links_i[122],78.592
mc_hor_links_i[123],79.616
mc_hor_links_i[124],80.128
mc_hor_links_i[125],80.64
mc_hor_links_i[126],81.152
mc_hor_links_i[127],81.664
mc_hor_links_i[128],82.688
mc_hor_links_i[129],83.2
mc_hor_links_i[130],83.712
mc_hor_links_i[131],84.224
mc_hor_links_i[132],85.248
mc_hor_links_i[133],85.76
mc_hor_links_i[134],86.272
mc_hor_links_i[135],86.784
mc_hor_links_i[136],87.296
mc_hor_links_i[137],88.32
mc_hor_links_i[138],88.832
mc_hor_links_i[139],89.344
mc_hor_links_i[140],89.856
mc_hor_links_i[141],89.984
mc_hor_links_i[142],90.112
mc_hor_links_i[143],90.24
mc_hor_links_i[144],90.368
mc_hor_links_i[145],91.008
mc_hor_links_i[146],91.136
mc_hor_links_i[147],91.264
mc_hor_links_i[148],91.392
mc_hor_links_i[149],91.52
mc_hor_links_i[150],91.648
mc_hor_links_i[151],91.776
mc_hor_links_i[152],91.904
mc_hor_links_i[153],92.032
mc_hor_links_o[0],95.616
mc_hor_links_o[1],96.128
mc_hor_links_o[2],97.152
mc_hor_links_o[3],97.664
mc_hor_links_o[4],98.176
mc_hor_links_o[5],98.688
mc_hor_links_o[6],99.712
mc_hor_links_o[7],100.224
mc_hor_links_o[8],100.736
mc_hor_links_o[9],101.248
mc_hor_links_o[10],101.76
mc_hor_links_o[11],102.784
mc_hor_links_o[12],103.296
mc_hor_links_o[13],103.808
mc_hor_links_o[14],104.32
mc_hor_links_o[15],104.832
mc_hor_links_o[16],105.856
mc_hor_links_o[17],106.368
mc_hor_links_o[18],106.88
mc_hor_links_o[19],107.392
mc_hor_links_o[20],108.416
mc_hor_links_o[21],108.928
mc_hor_links_o[22],109.44
mc_hor_links_o[23],109.952
mc_hor_links_o[24],110.464
mc_hor_links_o[25],111.488
mc_hor_links_o[26],112.0
mc_hor_links_o[27],112.512
mc_hor_links_o[28],113.024
mc_hor_links_o[29],114.048
mc_hor_links_o[30],114.56
mc_hor_links_o[31],115.072
mc_hor_links_o[32],115.584
mc_hor_links_o[33],116.096
mc_hor_links_o[34],117.12
mc_hor_links_o[35],117.632
mc_hor_links_o[36],118.144
mc_hor_links_o[37],118.656
mc_hor_links_o[38],119.168
mc_hor_links_o[39],120.192
mc_hor_links_o[40],120.704
mc_hor_links_o[41],121.216
mc_hor_links_o[42],121.728
mc_hor_links_o[43],122.752
mc_hor_links_o[44],123.264
mc_hor_links_o[45],123.776
mc_hor_links_o[46],124.288
mc_hor_links_o[47],124.8
mc_hor_links_o[48],125.824
mc_hor_links_o[49],126.336
mc_hor_links_o[50],126.848
mc_hor_links_o[51],127.36
mc_hor_links_o[52],127.872
mc_hor_links_o[53],128.896
mc_hor_links_o[54],129.408
mc_hor_links_o[55],129.92
mc_hor_links_o[56],130.432
mc_hor_links_o[57],131.456
mc_hor_links_o[58],131.968
mc_hor_links_o[59],132.48
mc_hor_links_o[60],132.992
mc_hor_links_o[61],133.504
mc_hor_links_o[62],134.528
mc_hor_links_o[63],135.04
mc_hor_links_o[64],135.552
mc_hor_links_o[65],136.064
mc_hor_links_o[66],137.088
mc_hor_links_o[67],137.6
mc_hor_links_o[68],138.112
mc_hor_links_o[69],138.624
mc_hor_links_o[70],139.136
mc_hor_links_o[71],140.16
mc_hor_links_o[72],140.672
mc_hor_links_o[73],141.184
mc_hor_links_o[74],141.696
mc_hor_links_o[75],142.208
mc_hor_links_o[76],143.232
mc_hor_links_o[77],143.744
mc_hor_links_o[78],144.256
mc_hor_links_o[79],144.768
mc_hor_links_o[80],145.792
mc_hor_links_o[81],146.304
mc_hor_links_o[82],146.816
mc_hor_links_o[83],147.328
mc_hor_links_o[84],147.84
mc_hor_links_o[85],148.864
mc_hor_links_o[86],149.376
mc_hor_links_o[87],149.888
mc_hor_links_o[88],150.4
mc_hor_links_o[89],150.912
mc_hor_links_o[90],151.936
mc_hor_links_o[91],152.448
mc_hor_links_o[92],152.96
mc_hor_links_o[93],153.472
mc_hor_links_o[94],154.496
mc_hor_links_o[95],155.008
mc_hor_links_o[96],155.52
mc_hor_links_o[97],156.032
mc_hor_links_o[98],156.544
mc_hor_links_o[99],157.568
mc_hor_links_o[100],158.08
mc_hor_links_o[101],158.592
mc_hor_links_o[102],159.104
mc_hor_links_o[103],160.128
mc_hor_links_o[104],160.64
mc_hor_links_o[105],161.152
mc_hor_links_o[106],161.664
mc_hor_links_o[107],162.176
mc_hor_links_o[108],163.2
mc_hor_links_o[109],163.712
mc_hor_links_o[110],164.224
mc_hor_links_o[111],164.736
mc_hor_links_o[112],165.248
mc_hor_links_o[113],166.272
mc_hor_links_o[114],166.784
mc_hor_links_o[115],167.296
mc_hor_links_o[116],167.808
mc_hor_links_o[117],168.832
mc_hor_links_o[118],169.344
mc_hor_links_o[119],169.856
mc_hor_links_o[120],170.368
mc_hor_links_o[121],170.88
mc_hor_links_o[122],171.904
mc_hor_links_o[123],172.416
mc_hor_links_o[124],172.928
mc_hor_links_o[125],173.44
mc_hor_links_o[126],173.952
mc_hor_links_o[127],174.976
mc_hor_links_o[128],175.488
mc_hor_links_o[129],176.0
mc_hor_links_o[130],176.512
mc_hor_links_o[131],177.536
mc_hor_links_o[132],178.048
mc_hor_links_o[133],178.56
mc_hor_links_o[134],179.072
mc_hor_links_o[135],179.584
mc_hor_links_o[136],180.608
mc_hor_links_o[137],181.12
mc_hor_links_o[138],181.632
mc_hor_links_o[139],182.144
mc_hor_links_o[140],183.168
mc_hor_links_o[141],183.296
mc_hor_links_o[142],183.424
mc_hor_links_o[143],183.552
mc_hor_links_o[144],183.68
mc_hor_links_o[145],183.808
mc_hor_links_o[146],183.936
mc_hor_links_o[147],184.064
mc_hor_links_o[148],184.192
mc_hor_links_o[149],184.32
mc_hor_links_o[150],184.448
mc_hor_links_o[151],184.576
mc_hor_links_o[152],184.704
mc_hor_links_o[153],184.832
mc_hor_links_i[154],192.896
mc_ruche_links_i[0],193.024
mc_hor_links_i[155],193.408
mc_ruche_links_i[1],193.536
mc_hor_links_i[156],193.92
mc_ruche_links_i[2],194.048
mc_hor_links_i[157],194.944
mc_ruche_links_i[3],195.072
mc_hor_links_i[158],195.456
mc_ruche_links_i[4],195.584
mc_hor_links_i[159],195.968
mc_ruche_links_i[5],196.096
mc_hor_links_i[160],196.48
mc_ruche_links_i[6],196.608
mc_hor_links_i[161],196.992
mc_ruche_links_i[7],197.632
mc_hor_links_i[162],198.016
mc_ruche_links_i[8],198.144
mc_hor_links_i[163],198.528
mc_ruche_links_i[9],198.656
mc_hor_links_i[164],199.04
mc_ruche_links_i[10],199.168
mc_hor_links_i[165],199.552
mc_ruche_links_i[11],199.68
mc_hor_links_i[166],200.576
mc_ruche_links_i[12],200.704
mc_hor_links_i[167],201.088
mc_ruche_links_i[13],201.216
mc_hor_links_i[168],201.6
mc_ruche_links_i[14],201.728
mc_hor_links_i[169],202.112
mc_ruche_links_i[15],202.24
mc_hor_links_i[170],202.624
mc_ruche_links_i[16],202.752
mc_hor_links_i[171],203.648
mc_ruche_links_i[17],203.776
mc_hor_links_i[172],204.16
mc_ruche_links_i[18],204.288
mc_hor_links_i[173],204.672
mc_ruche_links_i[19],204.8
mc_hor_links_i[174],205.184
mc_ruche_links_i[20],205.312
mc_hor_links_i[175],206.208
mc_ruche_links_i[21],206.336
mc_hor_links_i[176],206.72
mc_ruche_links_i[22],206.848
mc_hor_links_i[177],207.232
mc_ruche_links_i[23],207.36
mc_hor_links_i[178],207.744
mc_ruche_links_i[24],207.872
mc_hor_links_i[179],208.256
mc_ruche_links_i[25],208.384
mc_hor_links_i[180],209.28
mc_ruche_links_i[26],209.408
mc_hor_links_i[181],209.792
mc_ruche_links_i[27],209.92
mc_hor_links_i[182],210.304
mc_ruche_links_i[28],210.432
mc_hor_links_i[183],210.816
mc_ruche_links_i[29],210.944
mc_hor_links_i[184],211.328
mc_ruche_links_i[30],211.968
mc_hor_links_i[185],212.352
mc_ruche_links_i[31],212.48
mc_hor_links_i[186],212.864
mc_ruche_links_i[32],212.992
mc_hor_links_i[187],213.376
mc_ruche_links_i[33],213.504
mc_hor_links_i[188],213.888
mc_ruche_links_i[34],214.016
mc_hor_links_i[189],214.912
mc_ruche_links_i[35],215.04
mc_hor_links_i[190],215.424
mc_ruche_links_i[36],215.552
mc_hor_links_i[191],215.936
mc_ruche_links_i[37],216.064
mc_hor_links_i[192],216.448
mc_ruche_links_i[38],216.576
mc_hor_links_i[193],216.96
mc_ruche_links_i[39],217.088
mc_hor_links_i[194],217.984
mc_ruche_links_i[40],218.112
mc_hor_links_i[195],218.496
mc_ruche_links_i[41],218.624
mc_hor_links_i[196],219.008
mc_ruche_links_i[42],219.136
mc_hor_links_i[197],219.52
mc_ruche_links_i[43],219.648
mc_hor_links_i[198],220.032
mc_ruche_links_i[44],220.672
mc_hor_links_i[199],221.056
mc_ruche_links_i[45],221.184
mc_hor_links_i[200],221.568
mc_ruche_links_i[46],221.696
mc_hor_links_i[201],222.08
mc_ruche_links_i[47],222.208
mc_hor_links_i[202],222.592
mc_ruche_links_i[48],222.72
mc_hor_links_i[203],223.616
mc_ruche_links_i[49],223.744
mc_hor_links_i[204],224.128
mc_ruche_links_i[50],224.256
mc_hor_links_i[205],224.64
mc_ruche_links_i[51],224.768
mc_hor_links_i[206],225.152
mc_ruche_links_i[52],225.28
mc_hor_links_i[207],225.664
mc_ruche_links_i[53],225.792
mc_hor_links_i[208],226.688
mc_ruche_links_i[54],226.816
mc_hor_links_i[209],227.2
mc_ruche_links_i[55],227.328
mc_hor_links_i[210],227.712
mc_ruche_links_i[56],227.84
mc_hor_links_i[211],228.224
mc_ruche_links_i[57],228.352
mc_hor_links_i[212],229.248
mc_ruche_links_i[58],229.376
mc_hor_links_i[213],229.76
mc_ruche_links_i[59],229.888
mc_hor_links_i[214],230.272
mc_ruche_links_i[60],230.4
mc_hor_links_i[215],230.784
mc_ruche_links_i[61],230.912
mc_hor_links_i[216],231.296
mc_ruche_links_i[62],231.424
mc_hor_links_i[217],232.32
mc_ruche_links_i[63],232.448
mc_hor_links_i[218],232.832
mc_ruche_links_i[64],232.96
mc_hor_links_i[219],233.344
mc_ruche_links_i[65],233.472
mc_hor_links_i[220],233.856
mc_ruche_links_i[66],233.984
mc_hor_links_i[221],234.368
mc_ruche_links_i[67],235.008
mc_hor_links_i[222],235.392
mc_ruche_links_i[68],235.52
mc_hor_links_i[223],235.904
mc_ruche_links_i[69],236.032
mc_hor_links_i[224],236.416
mc_ruche_links_i[70],236.544
mc_hor_links_i[225],236.928
mc_ruche_links_i[71],237.056
mc_hor_links_i[226],237.952
mc_ruche_links_i[72],238.08
mc_hor_links_i[227],238.464
mc_ruche_links_i[73],238.592
mc_hor_links_i[228],238.976
mc_ruche_links_i[74],239.104
mc_hor_links_i[229],239.488
mc_ruche_links_i[75],239.616
mc_hor_links_i[230],240.0
mc_ruche_links_i[76],240.128
mc_hor_links_i[231],241.024
mc_ruche_links_i[77],241.152
mc_hor_links_i[232],241.536
mc_ruche_links_i[78],241.664
mc_hor_links_i[233],242.048
mc_ruche_links_i[79],242.176
mc_hor_links_i[234],242.56
mc_ruche_links_i[80],242.688
mc_hor_links_i[235],243.072
mc_ruche_links_i[81],243.712
mc_hor_links_i[236],244.096
mc_ruche_links_i[82],244.224
mc_hor_links_i[237],244.608
mc_ruche_links_i[83],244.736
mc_hor_links_i[238],245.12
mc_ruche_links_i[84],245.248
mc_hor_links_i[239],245.632
mc_ruche_links_i[85],245.76
mc_hor_links_i[240],246.656
mc_ruche_links_i[86],246.784
mc_hor_links_i[241],247.168
mc_ruche_links_i[87],247.296
mc_hor_links_i[242],247.68
mc_ruche_links_i[88],247.808
mc_hor_links_i[243],248.192
mc_ruche_links_i[89],248.32
mc_hor_links_i[244],248.704
mc_ruche_links_i[90],248.832
mc_hor_links_i[245],249.728
mc_ruche_links_i[91],249.856
mc_hor_links_i[246],250.24
mc_ruche_links_i[92],250.368
mc_hor_links_i[247],250.752
mc_ruche_links_i[93],250.88
mc_hor_links_i[248],251.264
mc_ruche_links_i[94],251.392
mc_hor_links_i[249],252.288
mc_ruche_links_i[95],252.416
mc_hor_links_i[250],252.8
mc_ruche_links_i[96],252.928
mc_hor_links_i[251],253.312
mc_ruche_links_i[97],253.44
mc_hor_links_i[252],253.824
mc_ruche_links_i[98],253.952
mc_hor_links_i[253],254.336
mc_ruche_links_i[99],254.464
mc_hor_links_i[254],255.36
mc_ruche_links_i[100],255.488
mc_hor_links_i[255],255.872
mc_ruche_links_i[101],256.0
mc_hor_links_i[256],256.384
mc_ruche_links_i[102],256.512
mc_hor_links_i[257],256.896
mc_ruche_links_i[103],257.024
mc_hor_links_i[258],257.408
mc_ruche_links_i[104],258.048
mc_hor_links_i[259],258.432
mc_ruche_links_i[105],258.56
mc_hor_links_i[260],258.944
mc_ruche_links_i[106],259.072
mc_hor_links_i[261],259.456
mc_ruche_links_i[107],259.584
mc_hor_links_i[262],259.968
mc_ruche_links_i[108],260.096
mc_hor_links_i[263],260.992
mc_ruche_links_i[109],261.12
mc_hor_links_i[264],261.504
mc_ruche_links_i[110],261.632
mc_hor_links_i[265],262.016
mc_ruche_links_i[111],262.144
mc_hor_links_i[266],262.528
mc_ruche_links_i[112],262.656
mc_hor_links_i[267],263.04
mc_ruche_links_i[113],263.168
mc_hor_links_i[268],264.064
mc_ruche_links_i[114],264.192
mc_hor_links_i[269],264.576
mc_ruche_links_i[115],264.704
mc_hor_links_i[270],265.088
mc_ruche_links_i[116],265.216
mc_hor_links_i[271],265.6
mc_ruche_links_i[117],265.728
mc_hor_links_i[272],266.112
mc_ruche_links_i[118],266.752
mc_hor_links_i[273],267.136
mc_ruche_links_i[119],267.264
mc_hor_links_i[274],267.648
mc_ruche_links_i[120],267.776
mc_hor_links_i[275],268.16
mc_ruche_links_i[121],268.288
mc_hor_links_i[276],268.672
mc_ruche_links_i[122],268.8
mc_hor_links_i[277],269.696
mc_ruche_links_i[123],269.824
mc_hor_links_i[278],270.208
mc_ruche_links_i[124],270.336
mc_hor_links_i[279],270.72
mc_ruche_links_i[125],270.848
mc_hor_links_i[280],271.232
mc_ruche_links_i[126],271.36
mc_hor_links_i[281],271.744
mc_ruche_links_i[127],271.872
mc_hor_links_i[282],272.768
mc_ruche_links_i[128],272.896
mc_hor_links_i[283],273.28
mc_ruche_links_i[129],273.408
mc_hor_links_i[284],273.792
mc_ruche_links_i[130],273.92
mc_hor_links_i[285],274.304
mc_ruche_links_i[131],274.432
mc_hor_links_i[286],275.328
mc_ruche_links_i[132],275.456
mc_hor_links_i[287],275.84
mc_ruche_links_i[133],275.968
mc_hor_links_i[288],276.352
mc_ruche_links_i[134],276.48
mc_hor_links_i[289],276.864
mc_ruche_links_i[135],276.992
mc_hor_links_i[290],277.376
mc_ruche_links_i[136],277.504
mc_hor_links_i[291],278.4
mc_ruche_links_i[137],278.528
mc_hor_links_i[292],278.912
mc_ruche_links_i[138],279.04
mc_hor_links_i[293],279.424
mc_ruche_links_i[139],279.552
mc_hor_links_i[294],279.936
mc_hor_links_i[295],280.064
mc_hor_links_i[296],280.192
mc_hor_links_i[297],280.32
mc_hor_links_i[298],280.448
mc_hor_links_i[299],281.088
mc_hor_links_i[300],281.216
mc_hor_links_i[301],281.344
mc_hor_links_i[302],281.472
mc_hor_links_i[303],281.6
mc_hor_links_i[304],281.728
mc_hor_links_i[305],281.856
mc_hor_links_i[306],281.984
mc_hor_links_i[307],282.112
mc_hor_links_o[154],285.696
mc_ruche_links_o[0],285.824
mc_hor_links_o[155],286.208
mc_ruche_links_o[1],286.848
mc_hor_links_o[156],287.232
mc_ruche_links_o[2],287.36
mc_hor_links_o[157],287.744
mc_ruche_links_o[3],287.872
mc_hor_links_o[158],288.256
mc_ruche_links_o[4],288.384
mc_hor_links_o[159],288.768
mc_ruche_links_o[5],288.896
mc_hor_links_o[160],289.792
mc_ruche_links_o[6],289.92
mc_hor_links_o[161],290.304
mc_ruche_links_o[7],290.432
mc_hor_links_o[162],290.816
mc_ruche_links_o[8],290.944
mc_hor_links_o[163],291.328
mc_ruche_links_o[9],291.456
mc_hor_links_o[164],291.84
mc_ruche_links_o[10],291.968
mc_hor_links_o[165],292.864
mc_ruche_links_o[11],292.992
mc_hor_links_o[166],293.376
mc_ruche_links_o[12],293.504
mc_hor_links_o[167],293.888
mc_ruche_links_o[13],294.016
mc_hor_links_o[168],294.4
mc_ruche_links_o[14],294.528
mc_hor_links_o[169],294.912
mc_ruche_links_o[15],295.552
mc_hor_links_o[170],295.936
mc_ruche_links_o[16],296.064
mc_hor_links_o[171],296.448
mc_ruche_links_o[17],296.576
mc_hor_links_o[172],296.96
mc_ruche_links_o[18],297.088
mc_hor_links_o[173],297.472
mc_ruche_links_o[19],297.6
mc_hor_links_o[174],298.496
mc_ruche_links_o[20],298.624
mc_hor_links_o[175],299.008
mc_ruche_links_o[21],299.136
mc_hor_links_o[176],299.52
mc_ruche_links_o[22],299.648
mc_hor_links_o[177],300.032
mc_ruche_links_o[23],300.16
mc_hor_links_o[178],300.544
mc_ruche_links_o[24],300.672
mc_hor_links_o[179],301.568
mc_ruche_links_o[25],301.696
mc_hor_links_o[180],302.08
mc_ruche_links_o[26],302.208
mc_hor_links_o[181],302.592
mc_ruche_links_o[27],302.72
mc_hor_links_o[182],303.104
mc_ruche_links_o[28],303.232
mc_hor_links_o[183],304.128
mc_ruche_links_o[29],304.256
mc_hor_links_o[184],304.64
mc_ruche_links_o[30],304.768
mc_hor_links_o[185],305.152
mc_ruche_links_o[31],305.28
mc_hor_links_o[186],305.664
mc_ruche_links_o[32],305.792
mc_hor_links_o[187],306.176
mc_ruche_links_o[33],306.304
mc_hor_links_o[188],307.2
mc_ruche_links_o[34],307.328
mc_hor_links_o[189],307.712
mc_ruche_links_o[35],307.84
mc_hor_links_o[190],308.224
mc_ruche_links_o[36],308.352
mc_hor_links_o[191],308.736
mc_ruche_links_o[37],308.864
mc_hor_links_o[192],309.248
mc_ruche_links_o[38],309.888
mc_hor_links_o[193],310.272
mc_ruche_links_o[39],310.4
mc_hor_links_o[194],310.784
mc_ruche_links_o[40],310.912
mc_hor_links_o[195],311.296
mc_ruche_links_o[41],311.424
mc_hor_links_o[196],311.808
mc_ruche_links_o[42],311.936
mc_hor_links_o[197],312.832
mc_ruche_links_o[43],312.96
mc_hor_links_o[198],313.344
mc_ruche_links_o[44],313.472
mc_hor_links_o[199],313.856
mc_ruche_links_o[45],313.984
mc_hor_links_o[200],314.368
mc_ruche_links_o[46],314.496
mc_hor_links_o[201],314.88
mc_ruche_links_o[47],315.008
mc_hor_links_o[202],315.904
mc_ruche_links_o[48],316.032
mc_hor_links_o[203],316.416
mc_ruche_links_o[49],316.544
mc_hor_links_o[204],316.928
mc_ruche_links_o[50],317.056
mc_hor_links_o[205],317.44
mc_ruche_links_o[51],317.568
mc_hor_links_o[206],317.952
mc_ruche_links_o[52],318.592
mc_hor_links_o[207],318.976
mc_ruche_links_o[53],319.104
mc_hor_links_o[208],319.488
mc_ruche_links_o[54],319.616
mc_hor_links_o[209],320.0
mc_ruche_links_o[55],320.128
mc_hor_links_o[210],320.512
mc_ruche_links_o[56],320.64
mc_hor_links_o[211],321.536
mc_ruche_links_o[57],321.664
mc_hor_links_o[212],322.048
mc_ruche_links_o[58],322.176
mc_hor_links_o[213],322.56
mc_ruche_links_o[59],322.688
mc_hor_links_o[214],323.072
mc_ruche_links_o[60],323.2
mc_hor_links_o[215],323.584
mc_ruche_links_o[61],323.712
mc_hor_links_o[216],324.608
mc_ruche_links_o[62],324.736
mc_hor_links_o[217],325.12
mc_ruche_links_o[63],325.248
mc_hor_links_o[218],325.632
mc_ruche_links_o[64],325.76
mc_hor_links_o[219],326.144
mc_ruche_links_o[65],326.272
mc_hor_links_o[220],327.168
mc_ruche_links_o[66],327.296
mc_hor_links_o[221],327.68
mc_ruche_links_o[67],327.808
mc_hor_links_o[222],328.192
mc_ruche_links_o[68],328.32
mc_hor_links_o[223],328.704
mc_ruche_links_o[69],328.832
mc_hor_links_o[224],329.216
mc_ruche_links_o[70],329.344
mc_hor_links_o[225],330.24
mc_ruche_links_o[71],330.368
mc_hor_links_o[226],330.752
mc_ruche_links_o[72],330.88
mc_hor_links_o[227],331.264
mc_ruche_links_o[73],331.392
mc_hor_links_o[228],331.776
mc_ruche_links_o[74],331.904
mc_hor_links_o[229],332.288
mc_ruche_links_o[75],332.928
mc_hor_links_o[230],333.312
mc_ruche_links_o[76],333.44
mc_hor_links_o[231],333.824
mc_ruche_links_o[77],333.952
mc_hor_links_o[232],334.336
mc_ruche_links_o[78],334.464
mc_hor_links_o[233],334.848
mc_ruche_links_o[79],334.976
mc_hor_links_o[234],335.872
mc_ruche_links_o[80],336.0
mc_hor_links_o[235],336.384
mc_ruche_links_o[81],336.512
mc_hor_links_o[236],336.896
mc_ruche_links_o[82],337.024
mc_hor_links_o[237],337.408
mc_ruche_links_o[83],337.536
mc_hor_links_o[238],337.92
mc_ruche_links_o[84],338.048
mc_hor_links_o[239],338.944
mc_ruche_links_o[85],339.072
mc_hor_links_o[240],339.456
mc_ruche_links_o[86],339.584
mc_hor_links_o[241],339.968
mc_ruche_links_o[87],340.096
mc_hor_links_o[242],340.48
mc_ruche_links_o[88],340.608
mc_hor_links_o[243],340.992
mc_ruche_links_o[89],341.632
mc_hor_links_o[244],342.016
mc_ruche_links_o[90],342.144
mc_hor_links_o[245],342.528
mc_ruche_links_o[91],342.656
mc_hor_links_o[246],343.04
mc_ruche_links_o[92],343.168
mc_hor_links_o[247],343.552
mc_ruche_links_o[93],343.68
mc_hor_links_o[248],344.576
mc_ruche_links_o[94],344.704
mc_hor_links_o[249],345.088
mc_ruche_links_o[95],345.216
mc_hor_links_o[250],345.6
mc_ruche_links_o[96],345.728
mc_hor_links_o[251],346.112
mc_ruche_links_o[97],346.24
mc_hor_links_o[252],346.624
mc_ruche_links_o[98],346.752
mc_hor_links_o[253],347.648
mc_ruche_links_o[99],347.776
mc_hor_links_o[254],348.16
mc_ruche_links_o[100],348.288
mc_hor_links_o[255],348.672
mc_ruche_links_o[101],348.8
mc_hor_links_o[256],349.184
mc_ruche_links_o[102],349.312
mc_hor_links_o[257],350.208
mc_ruche_links_o[103],350.336
mc_hor_links_o[258],350.72
mc_ruche_links_o[104],350.848
mc_hor_links_o[259],351.232
mc_ruche_links_o[105],351.36
mc_hor_links_o[260],351.744
mc_ruche_links_o[106],351.872
mc_hor_links_o[261],352.256
mc_ruche_links_o[107],352.384
mc_hor_links_o[262],353.28
mc_ruche_links_o[108],353.408
mc_hor_links_o[263],353.792
mc_ruche_links_o[109],353.92
mc_hor_links_o[264],354.304
mc_ruche_links_o[110],354.432
mc_hor_links_o[265],354.816
mc_ruche_links_o[111],354.944
mc_hor_links_o[266],355.328
mc_ruche_links_o[112],355.968
mc_hor_links_o[267],356.352
mc_ruche_links_o[113],356.48
mc_hor_links_o[268],356.864
mc_ruche_links_o[114],356.992
mc_hor_links_o[269],357.376
mc_ruche_links_o[115],357.504
mc_hor_links_o[270],357.888
mc_ruche_links_o[116],358.016
mc_hor_links_o[271],358.912
mc_ruche_links_o[117],359.04
mc_hor_links_o[272],359.424
mc_ruche_links_o[118],359.552
mc_hor_links_o[273],359.936
mc_ruche_links_o[119],360.064
mc_hor_links_o[274],360.448
mc_ruche_links_o[120],360.576
mc_hor_links_o[275],360.96
mc_ruche_links_o[121],361.088
mc_hor_links_o[276],361.984
mc_ruche_links_o[122],362.112
mc_hor_links_o[277],362.496
mc_ruche_links_o[123],362.624
mc_hor_links_o[278],363.008
mc_ruche_links_o[124],363.136
mc_hor_links_o[279],363.52
mc_ruche_links_o[125],363.648
mc_hor_links_o[280],364.032
mc_ruche_links_o[126],364.672
mc_hor_links_o[281],365.056
mc_ruche_links_o[127],365.184
mc_hor_links_o[282],365.568
mc_ruche_links_o[128],365.696
mc_hor_links_o[283],366.08
mc_ruche_links_o[129],366.208
mc_hor_links_o[284],366.592
mc_ruche_links_o[130],366.72
mc_hor_links_o[285],367.616
mc_ruche_links_o[131],367.744
mc_hor_links_o[286],368.128
mc_ruche_links_o[132],368.256
mc_hor_links_o[287],368.64
mc_ruche_links_o[133],368.768
mc_hor_links_o[288],369.152
mc_ruche_links_o[134],369.28
mc_hor_links_o[289],369.664
mc_ruche_links_o[135],369.792
mc_hor_links_o[290],370.688
mc_ruche_links_o[136],370.816
mc_hor_links_o[291],371.2
mc_ruche_links_o[137],371.328
mc_hor_links_o[292],371.712
mc_ruche_links_o[138],371.84
mc_hor_links_o[293],372.224
mc_ruche_links_o[139],372.352
mc_hor_links_o[294],373.248
mc_hor_links_o[295],373.376
mc_hor_links_o[296],373.504
mc_hor_links_o[297],373.632
mc_hor_links_o[298],373.76
mc_hor_links_o[299],373.888
mc_hor_links_o[300],374.016
mc_hor_links_o[301],374.144
mc_hor_links_o[302],374.272
mc_hor_links_o[303],374.4
mc_hor_links_o[304],374.528
mc_hor_links_o[305],374.656
mc_hor_links_o[306],374.784
mc_hor_links_o[307],374.912
mc_hor_links_i[308],382.976
mc_hor_links_i[309],383.488
mc_hor_links_i[310],384.0
mc_hor_links_i[311],385.024
mc_hor_links_i[312],385.536
mc_hor_links_i[313],386.048
mc_hor_links_i[314],386.56
mc_hor_links_i[315],387.072
mc_hor_links_i[316],388.096
mc_hor_links_i[317],388.608
mc_hor_links_i[318],389.12
mc_hor_links_i[319],389.632
mc_hor_links_i[320],390.656
mc_hor_links_i[321],391.168
mc_hor_links_i[322],391.68
mc_hor_links_i[323],392.192
mc_hor_links_i[324],392.704
mc_hor_links_i[325],393.728
mc_hor_links_i[326],394.24
mc_hor_links_i[327],394.752
mc_hor_links_i[328],395.264
mc_hor_links_i[329],396.288
mc_hor_links_i[330],396.8
mc_hor_links_i[331],397.312
mc_hor_links_i[332],397.824
mc_hor_links_i[333],398.336
mc_hor_links_i[334],399.36
mc_hor_links_i[335],399.872
mc_hor_links_i[336],400.384
mc_hor_links_i[337],400.896
mc_hor_links_i[338],401.408
mc_hor_links_i[339],402.432
mc_hor_links_i[340],402.944
mc_hor_links_i[341],403.456
mc_hor_links_i[342],403.968
mc_hor_links_i[343],404.992
mc_hor_links_i[344],405.504
mc_hor_links_i[345],406.016
mc_hor_links_i[346],406.528
mc_hor_links_i[347],407.04
mc_hor_links_i[348],408.064
mc_hor_links_i[349],408.576
mc_hor_links_i[350],409.088
mc_hor_links_i[351],409.6
mc_hor_links_i[352],410.112
mc_hor_links_i[353],411.136
mc_hor_links_i[354],411.648
mc_hor_links_i[355],412.16
mc_hor_links_i[356],412.672
mc_hor_links_i[357],413.696
mc_hor_links_i[358],414.208
mc_hor_links_i[359],414.72
mc_hor_links_i[360],415.232
mc_hor_links_i[361],415.744
mc_hor_links_i[362],416.768
mc_hor_links_i[363],417.28
mc_hor_links_i[364],417.792
mc_hor_links_i[365],418.304
mc_hor_links_i[366],419.328
mc_hor_links_i[367],419.84
mc_hor_links_i[368],420.352
mc_hor_links_i[369],420.864
mc_hor_links_i[370],421.376
mc_hor_links_i[371],422.4
mc_hor_links_i[372],422.912
mc_hor_links_i[373],423.424
mc_hor_links_i[374],423.936
mc_hor_links_i[375],424.448
mc_hor_links_i[376],425.472
mc_hor_links_i[377],425.984
mc_hor_links_i[378],426.496
mc_hor_links_i[379],427.008
mc_hor_links_i[380],428.032
mc_hor_links_i[381],428.544
mc_hor_links_i[382],429.056
mc_hor_links_i[383],429.568
mc_hor_links_i[384],430.08
mc_hor_links_i[385],431.104
mc_hor_links_i[386],431.616
mc_hor_links_i[387],432.128
mc_hor_links_i[388],432.64
mc_hor_links_i[389],433.152
mc_hor_links_i[390],434.176
mc_hor_links_i[391],434.688
mc_hor_links_i[392],435.2
mc_hor_links_i[393],435.712
mc_hor_links_i[394],436.736
mc_hor_links_i[395],437.248
mc_hor_links_i[396],437.76
mc_hor_links_i[397],438.272
mc_hor_links_i[398],438.784
mc_hor_links_i[399],439.808
mc_hor_links_i[400],440.32
mc_hor_links_i[401],440.832
mc_hor_links_i[402],441.344
mc_hor_links_i[403],442.368
mc_hor_links_i[404],442.88
mc_hor_links_i[405],443.392
mc_hor_links_i[406],443.904
mc_hor_links_i[407],444.416
mc_hor_links_i[408],445.44
mc_hor_links_i[409],445.952
mc_hor_links_i[410],446.464
mc_hor_links_i[411],446.976
mc_hor_links_i[412],447.488
mc_hor_links_i[413],448.512
mc_hor_links_i[414],449.024
mc_hor_links_i[415],449.536
mc_hor_links_i[416],450.048
mc_hor_links_i[417],451.072
mc_hor_links_i[418],451.584
mc_hor_links_i[419],452.096
mc_hor_links_i[420],452.608
mc_hor_links_i[421],453.12
mc_hor_links_i[422],454.144
mc_hor_links_i[423],454.656
mc_hor_links_i[424],455.168
mc_hor_links_i[425],455.68
mc_hor_links_i[426],456.192
mc_hor_links_i[427],457.216
mc_hor_links_i[428],457.728
mc_hor_links_i[429],458.24
mc_hor_links_i[430],458.752
mc_hor_links_i[431],459.776
mc_hor_links_i[432],460.288
mc_hor_links_i[433],460.8
mc_hor_links_i[434],461.312
mc_hor_links_i[435],461.824
mc_hor_links_i[436],462.848
mc_hor_links_i[437],463.36
mc_hor_links_i[438],463.872
mc_hor_links_i[439],464.384
mc_hor_links_i[440],465.408
mc_hor_links_i[441],465.92
mc_hor_links_i[442],466.432
mc_hor_links_i[443],466.944
mc_hor_links_i[444],467.456
mc_hor_links_i[445],468.48
mc_hor_links_i[446],468.992
mc_hor_links_i[447],469.504
mc_hor_links_i[448],470.016
mc_hor_links_i[449],470.144
mc_hor_links_i[450],470.272
mc_hor_links_i[451],470.4
mc_hor_links_i[452],470.528
mc_hor_links_i[453],471.168
mc_hor_links_i[454],471.296
mc_hor_links_i[455],471.424
mc_hor_links_i[456],471.552
mc_hor_links_i[457],471.68
mc_hor_links_i[458],471.808
mc_hor_links_i[459],471.936
mc_hor_links_i[460],472.064
mc_hor_links_i[461],472.192
mc_hor_links_o[308],475.776
mc_hor_links_o[309],476.288
mc_hor_links_o[310],477.312
mc_hor_links_o[311],477.824
mc_hor_links_o[312],478.336
mc_hor_links_o[313],478.848
mc_hor_links_o[314],479.872
mc_hor_links_o[315],480.384
mc_hor_links_o[316],480.896
mc_hor_links_o[317],481.408
mc_hor_links_o[318],481.92
mc_hor_links_o[319],482.944
mc_hor_links_o[320],483.456
mc_hor_links_o[321],483.968
mc_hor_links_o[322],484.48
mc_hor_links_o[323],484.992
mc_hor_links_o[324],486.016
mc_hor_links_o[325],486.528
mc_hor_links_o[326],487.04
mc_hor_links_o[327],487.552
mc_hor_links_o[328],488.576
mc_hor_links_o[329],489.088
mc_hor_links_o[330],489.6
mc_hor_links_o[331],490.112
mc_hor_links_o[332],490.624
mc_hor_links_o[333],491.648
mc_hor_links_o[334],492.16
mc_hor_links_o[335],492.672
mc_hor_links_o[336],493.184
mc_hor_links_o[337],494.208
mc_hor_links_o[338],494.72
mc_hor_links_o[339],495.232
mc_hor_links_o[340],495.744
mc_hor_links_o[341],496.256
mc_hor_links_o[342],497.28
mc_hor_links_o[343],497.792
mc_hor_links_o[344],498.304
mc_hor_links_o[345],498.816
mc_hor_links_o[346],499.328
mc_hor_links_o[347],500.352
mc_hor_links_o[348],500.864
mc_hor_links_o[349],501.376
mc_hor_links_o[350],501.888
mc_hor_links_o[351],502.912
mc_hor_links_o[352],503.424
mc_hor_links_o[353],503.936
mc_hor_links_o[354],504.448
mc_hor_links_o[355],504.96
mc_hor_links_o[356],505.984
mc_hor_links_o[357],506.496
mc_hor_links_o[358],507.008
mc_hor_links_o[359],507.52
mc_hor_links_o[360],508.032
mc_hor_links_o[361],509.056
mc_hor_links_o[362],509.568
mc_hor_links_o[363],510.08
mc_hor_links_o[364],510.592
mc_hor_links_o[365],511.616
mc_hor_links_o[366],512.128
mc_hor_links_o[367],512.64
mc_hor_links_o[368],513.152
mc_hor_links_o[369],513.664
mc_hor_links_o[370],514.688
mc_hor_links_o[371],515.2
mc_hor_links_o[372],515.712
mc_hor_links_o[373],516.224
mc_hor_links_o[374],517.248
mc_hor_links_o[375],517.76
mc_hor_links_o[376],518.272
mc_hor_links_o[377],518.784
mc_hor_links_o[378],519.296
mc_hor_links_o[379],520.32
mc_hor_links_o[380],520.832
mc_hor_links_o[381],521.344
mc_hor_links_o[382],521.856
mc_hor_links_o[383],522.368
mc_hor_links_o[384],523.392
mc_hor_links_o[385],523.904
mc_hor_links_o[386],524.416
mc_hor_links_o[387],524.928
mc_hor_links_o[388],525.952
mc_hor_links_o[389],526.464
mc_hor_links_o[390],526.976
mc_hor_links_o[391],527.488
mc_hor_links_o[392],528.0
mc_hor_links_o[393],529.024
mc_hor_links_o[394],529.536
mc_hor_links_o[395],530.048
mc_hor_links_o[396],530.56
mc_hor_links_o[397],531.072
mc_hor_links_o[398],532.096
mc_hor_links_o[399],532.608
mc_hor_links_o[400],533.12
mc_hor_links_o[401],533.632
mc_hor_links_o[402],534.656
mc_hor_links_o[403],535.168
mc_hor_links_o[404],535.68
mc_hor_links_o[405],536.192
mc_hor_links_o[406],536.704
mc_hor_links_o[407],537.728
mc_hor_links_o[408],538.24
mc_hor_links_o[409],538.752
mc_hor_links_o[410],539.264
mc_hor_links_o[411],540.288
mc_hor_links_o[412],540.8
mc_hor_links_o[413],541.312
mc_hor_links_o[414],541.824
mc_hor_links_o[415],542.336
mc_hor_links_o[416],543.36
mc_hor_links_o[417],543.872
mc_hor_links_o[418],544.384
mc_hor_links_o[419],544.896
mc_hor_links_o[420],545.408
mc_hor_links_o[421],546.432
mc_hor_links_o[422],546.944
mc_hor_links_o[423],547.456
mc_hor_links_o[424],547.968
mc_hor_links_o[425],548.992
mc_hor_links_o[426],549.504
mc_hor_links_o[427],550.016
mc_hor_links_o[428],550.528
mc_hor_links_o[429],551.04
mc_hor_links_o[430],552.064
mc_hor_links_o[431],552.576
mc_hor_links_o[432],553.088
mc_hor_links_o[433],553.6
mc_hor_links_o[434],554.112
mc_hor_links_o[435],555.136
mc_hor_links_o[436],555.648
mc_hor_links_o[437],556.16
mc_hor_links_o[438],556.672
mc_hor_links_o[439],557.696
mc_hor_links_o[440],558.208
mc_hor_links_o[441],558.72
mc_hor_links_o[442],559.232
mc_hor_links_o[443],559.744
mc_hor_links_o[444],560.768
mc_hor_links_o[445],561.28
mc_hor_links_o[446],561.792
mc_hor_links_o[447],562.304
mc_hor_links_o[448],563.328
mc_hor_links_o[449],563.456
mc_hor_links_o[450],563.584
mc_hor_links_o[451],563.712
mc_hor_links_o[452],563.84
mc_hor_links_o[453],563.968
mc_hor_links_o[454],564.096
mc_hor_links_o[455],564.224
mc_hor_links_o[456],564.352
mc_hor_links_o[457],564.48
mc_hor_links_o[458],564.608
mc_hor_links_o[459],564.736
mc_hor_links_o[460],564.864
mc_hor_links_o[461],564.992
